<?xml version="1.0" encoding="UTF-8"?>
<!DOCTYPE mapper
      PUBLIC "-//mybatis.org//DTD Mapper 3.0//EN"
   "http://mybatis.org/dtd/mybatis-3-mapper.dtd">

<mapper namespace="mapper.coach">
	<resultMap id="coachResult" type="coachVO">
		<result property="coachNO" column="coachNO" />
		<result property="coach" column="coach" />
		<result property="lang" column="lang" />
		<result property="cImg" column="cImg" />
		<result property="cTitle" column="cTitle" />
		<result property="basicPrice" column="basicPrice" />
		<result property="cContents" column="cContents" />
	</resultMap>

	<!-- 새 코칭 글 추가 기능 -->
	<insert id="insertNewCoach" parameterType="java.util.Map">
		<![CDATA[
		 insert into coachingTBL (coachNO, coach, lang, cImg, cTitle, basicPrice, cContents)
		 values(#{coachNO}, #{coach}, #{lang}, #{cImg}, #{cTitle}, #{basicPrice}, #{cContents})
		]]>
	</insert>

	<!-- 코칭 글 넘버링 -->
	<select id="selectNewCoachNO" resultType="int">
		<![CDATA[
			SELECT ifnull(max(coachNO), 0) + 1
			from coachingTBL
		]]>
	</select>

	<!-- 코치 글 전체 조회 -->
	<select id="selectAllCoachesList" resultMap="coachResult">
		<![CDATA[
			SELECT *
			from coachingTBL
		]]>
	</select>

	<!-- 전달된 코치 글 번호에 대한 글 정보 조회 -->
	<select id="selectCoach" resultType="coachVO"
		parameterType="int">
		<![CDATA[
			SELECT *
			from coachingTBL
			where coachNO = #{coachNO}
		]]>
	</select>

	<!-- 코치 글 수정 (CDATA 써주는 테스트) -->
	<update id="updateCoach" parameterType="java.util.Map">
		update coachingTBL
		set cTitle=#{cTitle},
		cContents=#{cContents},
		basicPrice=#{basicPrice},
		lang=#{lang}
		<if test="cImg!='' and cImg!=null">
			, cImg=#{cImg}
		</if>
		where coachNO=#{coachNO}
	</update>

</mapper>