<?xml version="1.0" encoding="UTF-8" ?>
<!DOCTYPE mapper
      PUBLIC "-//mybatis.org//DTD Mapper 3.0//EN"
   "http://mybatis.org/dtd/mybatis-3-mapper.dtd">
<mapper namespace="mapper.member">
	<resultMap id="memResult" type="memberVO">
		<result property="id" column="id" />
		<result property="pwd" column="pwd" />
		<result property="name" column="name" />
		<result property="phone" column="phone" />
		<result property="proImg" column="proImg" />
		<result property="proContents" column="proContents" />
	</resultMap>

	<!-- 회원가입 쿼리 -->
	<insert id="insertMember" parameterType="memberVO">
		<![CDATA[
		 insert into memberTBL(id,pwd,name,phone)
		 values(#{id}, #{pwd}, #{name}, #{phone})
		]]>
	</insert>

	<select id="loginById" resultType="memberVO"
		parameterType="memberVO">
		<![CDATA[
		 select * from memberTBL
		 where id = #{id} and pwd = #{pwd}
		]]>
	</select>
	
	<select id="idChk" resultType="int" parameterType="memberVO">
		<![CDATA[
		 select count(*) from memberTBL
		 where id = #{id}
		]]>
	</select>
</mapper>