<?xml version="1.0" encoding="UTF-8" ?>
<!DOCTYPE mapper
      PUBLIC "-//mybatis.org//DTD Mapper 3.0//EN"
   "http://mybatis.org/dtd/mybatis-3-mapper.dtd">
<mapper namespace="mapper.project">
	<resultMap id="projectResult" type="projectVO">
		<result property="projectNO" column="projectNO" />
		<result property="leader" column="leader" />
		<result property="pImg" column="pImg" />
		<result property="pTitle" column="pTitle" />
		<result property="memberCount" column="memberCount" />
		<result property="level" column="level" />
		<result property="pContents" column="pContents" />
		<result property="map" column="map" />
		<result property="kakao" column="kakao" />
	</resultMap>

	<!-- 프로젝트 입력 쿼리 -->
	<insert id="insertNewProject" parameterType="java.util.Map">
		<![CDATA[
		 insert into projectTBL
		 values(#{projectNO}, #{leader}, #{pImg}, #{pTitle}, #{memberCount}, #{level}, #{pContents}, "default", #{kakao})
		]]>
	</insert>

	<!-- 프로젝트 글 넘버링 -->
	<select id="selectNewProjectNO" resultType="int">
		<![CDATA[
			SELECT ifnull(max(projectNO), 0) + 1
			from projectTBL
		]]>
	</select>

	<!-- 프로젝트 리스트 전체 가져오기 -->
	<select id="selectAllProjectList" resultMap="projectResult">
      <![CDATA[
         select * from projectTBL	 	
      ]]>
	</select>
	
	<!-- 프로젝트 게시글 조회를 위한 select문 -->
	<select id="selectById" resultType="projectVO">
      <![CDATA[
         select * from projectTBL where leader=#{leader} and projectNO=#{projectNO}
      ]]>
	</select>

	<!-- 프로젝트 게시글 삭제 -->
	<delete id="deleteProject" parameterType="int">
    <![CDATA[
      delete from projectTBL
      where projectNO=#{projectNO}
    ]]>
	</delete>
	
	<!-- 프로젝트 게시글 수정 -->
	<update id="updateProject" parameterType="java.util.Map">
		update projectTBL
		set pTitle=#{pTitle},
		pContents=#{pContents},
		level=#{level},
		kakao=#{kakao},
		memberCount=#{memberCount}
		<if test="pImg!='' and pImg!=null">
			, pImg=#{pImg}
		</if>
		where projectNO=#{projectNO}
	</update>
</mapper>