<?xml version="1.0" encoding="UTF-8" ?>
<!DOCTYPE mapper
      PUBLIC "-//mybatis.org//DTD Mapper 3.0//EN"
   "http://mybatis.org/dtd/mybatis-3-mapper.dtd">
<mapper namespace="mapper.member">
	<resultMap id="memResult" type="memberVO">
		<result property="id" column="id" />
		<result property="pwd" column="pwd" />
		<result property="name" column="name" />
		<result property="phone" column="phone" />
		<result property="proImg" column="proImg" />
		<result property="proContents" column="proContents" />
	</resultMap>

	<!-- 회원가입 -->
	<insert id="insertMember" parameterType="memberVO">
		<![CDATA[
		 insert into memberTBL(id,pwd,name,phone)
		 values(#{id}, #{pwd}, #{name}, #{phone})
		]]>
	</insert>

	<!-- 로그인 -->
	<select id="loginById" resultType="memberVO"
		parameterType="memberVO">
		<![CDATA[
		 select * from memberTBL
		 where id = #{id} and pwd = #{pwd}
		]]>
	</select>

	<!-- 중복확인 -->
	<select id="idChk" resultType="int" parameterType="memberVO">
		<![CDATA[
		 select count(*) from memberTBL
		 where id = #{id}
		]]>
	</select>

	<!-- 회원정보 조회 -->
	<select id="selectById" resultType="memberVO"
		parameterType="String">
		<![CDATA[
		 select * from memberTBL
		 where id = #{id}
		]]>
	</select>

	<!-- 프로필 수정 -->
	<update id="updateProfile" parameterType="java.util.Map">
		update memberTBL
		set proContents=#{proContents}
		<if test="proImg!='' and proImg!=null">
			, proImg=#{proImg}
		</if>
		where id=#{id}
	</update>

	<!-- 회원정보 수정 -->
	<update id="updateMember" parameterType="memberVO">
		<![CDATA[
		update memberTBL
		set pwd=#{pwd}, name=#{name}, phone=#{phone} where id=#{id}
		]]>
	</update>

	<!-- 회원정보 삭제 -->
	<delete id="deleteMember" parameterType="String">
		<![CDATA[
			delete from memberTBL where id=#{id}
		]]>
	</delete>

	<!-- 회원 탈퇴 후 아이디만 보존 -->
	<insert id="preserveId" parameterType="String">
		<![CDATA[
		 insert into memberTBL(id, pwd, name, phone)
		 values(#{id}, '', '', '')
		]]>
	</insert>
	
</mapper>