<?xml version="1.0" encoding="UTF-8" ?>
<!DOCTYPE mapper
      PUBLIC "-//mybatis.org//DTD Mapper 3.0//EN"
   "http://mybatis.org/dtd/mybatis-3-mapper.dtd">
<mapper namespace="mapper.request">
	<resultMap id="requestResult" type="requestVO">
		<result property="reqNO" column="reqNO" />
		<result property="req" column="req" />
		<result property="res" column="res" />
		<result property="rTitle" column="rTitle" />
		<result property="rContents" column="rContents" />
		<result property="rDate" column="rDate" />
		<result property="rImg" column="rImg" />
		<result property="status" column="status" />
		<result property="realPrice" column="realPrice" />
		<result property="contact" column="contact" />
		<result property="reason" column="reason" />
	</resultMap>

	<!-- 요청서 추가 -->
	<insert id="insertRequest" parameterType="java.util.Map">
		<![CDATA[
		 insert into requestTBL (reqNO, req, res, rTitle, rContents, rImg, realPrice)
		 values(#{reqNO}, #{req}, #{res}, #{rTitle}, #{rContents}, #{rImg}, #{realPrice})
		]]>
	</insert>

	<!-- 요청서 넘버링 -->
	<select id="selectNewReqNO" resultType="int">
		<![CDATA[
			SELECT ifnull(max(reqNO), 0) + 1
			from requestTBL
		]]>
	</select>

	<!-- 받은 요청 리스트 -->
	<select id="selectAllReqGot" resultMap="requestResult">
      <![CDATA[
         select * from requestTBL
         where res=#{resId} and status like concat(#{status},"%")
         order by reqNO desc
         limit #{pageStart}, #{perPageNum}
      ]]>
	</select>

	<!-- 보낸 요청 리스트 -->
	<select id="selectAllReqSent" resultMap="requestResult">
      <![CDATA[
         select * from requestTBL
         where req=#{reqId} and status like concat(#{status},"%")
         order by reqNO desc
         limit #{pageStart}, #{perPageNum}
      ]]>
	</select>

	<!-- 보낸 / 받은 요청서 상세 조회 -->
	<select id="selectByReqNO" resultType="requestVO">
      <![CDATA[
         select * from requestTBL where reqNO=#{reqNO}
      ]]>
	</select>

	<!-- 보낸 요청서 수정 -->
	<update id="updateRequest" parameterType="java.util.Map">
		update requestTBL
		set rTitle=#{rTitle},
		rContents=#{rContents}
		<if test="rImg!='' and rImg!=null">
			, rImg=#{rImg}
		</if>
		where reqNO=#{reqNO}
	</update>

	<!-- 보낸 요청서 삭제 -->
	<delete id="deleteRequest" parameterType="int">
		<![CDATA[
	      delete from requestTBL
	      where reqNO=#{reqNO}
      	]]>
	</delete>

	<!-- 요청서 거절 사유 전송 / 재전송 -->
	<update id="updateReason" parameterType="requestVO">
		<![CDATA[
			update requestTBL
			set reason=#{reason}, status=#{status} where reqNO=#{reqNO}
		]]>
	</update>

	<!-- 요청글 수락 정보 전송 / 재전송 -->
	<update id="updateYes" parameterType="requestVO">
		<![CDATA[
			update requestTBL
			set realPrice=#{realPrice}, contact=#{contact}, status=#{status}, reason=#{reason}
			where reqNO=#{reqNO}
		]]>
	</update>

	<!-- 보낸 요청 글의 수 -->
	<select id="countSendRequest" resultType="int"
		parameterType="int">
		<![CDATA[
			SELECT count(*) 
			from requestTBL
			where req=#{reqId} and status like concat(#{status},"%")
		]]>
	</select>

	<!-- 받은 요청 글의 수 -->
	<select id="countReceiveRequest" resultType="int"
		parameterType="int">
		<![CDATA[
			SELECT count(*) 
			from requestTBL
			where res=#{resId} and status like concat(#{status},"%")
		]]>
	</select>

	<!-- 후기작성 후 완료상태 변환 -->
	<update id="updateReqFin" parameterType="requestVO">
		<![CDATA[
			update requestTBL
			set status=#{status} where reqNO=#{reqNO}
		]]>
	</update>

</mapper>