<?xml version="1.0" encoding="UTF-8" ?>
<!DOCTYPE mapper
      PUBLIC "-//mybatis.org//DTD Mapper 3.0//EN"
   "http://mybatis.org/dtd/mybatis-3-mapper.dtd">

<mapper namespace="mappers.member">
	<resultMap id="memResult" type="MemberVO">
	
		<result property="id" column="id" />
		<result property="pwd" column="pwd" />
		<result property="name" column="name" />
		<result property="plmg" column="plmg" />
		<result property="pContents" column="pContents" />
		<result property="doLike" column="doLike" />
	</resultMap>

<!--로그인 구현 기능 추가 -->


	<select id="loginCheck"  parameterType="MemberVO" resultType="String">
		SELECT name from memberTBL
		WHERE id = #{id} AND pwd = #{pwd}
	</select>
	
	<select id="viewMember" parameterType="MemberVO" resultType="MemberVO">
		SELECT
			id,
			name,
			plmg ,
			pContents 
		From memberTBL
		WHERE id = #{id} AND pwd = #{pwd}
	</select>
	
	

<!-- examples -->	
<!--
	<select id="selectAllMemberList" resultMap="memResult">
      <![CDATA[
         select * from t_member	order by joinDate desc	 	
      ]]>
	</select>

	<insert id="insertMember" parameterType="memberVO">
		<![CDATA[
		 insert into t_member(id,pwd, name, email)
		 values(#{id}, #{pwd}, #{name}, #{email})
		]]>
	</insert>

	<update id="updateMember" parameterType="memberVO">
     <![CDATA[
	     update t_member
	     set pwd=#{pwd}, name=#{name}, email=#{email}
	     where
	     id=#{id}
      ]]>
	</update>

	<delete id="deleteMember" parameterType="String">
	<![CDATA[
	   delete from  t_member
	   where
	   id=#{id}
	]]>
	</delete>

	<select id="loginById" resultType="memberVO"
		parameterType="java.util.HashMap">
	<![CDATA[
		select * from t_member	
		where id=#{id} and pwd=#{pwd}		
	]]>
	</select>

	<select id="selectById" resultType="memberVO"
		parameterType="String">
	<![CDATA[
		select * from t_member	
		where id=#{id}		
	]]>
	</select>
-->

</mapper>