<?xml version="1.0" encoding="UTF-8" ?>
<!DOCTYPE mapper
      PUBLIC "-//mybatis.org//DTD Mapper 3.0//EN"
   "http://mybatis.org/dtd/mybatis-3-mapper.dtd">

<mapper namespace="mapper.project">
	<resultMap id="projectResult" type="projectVO">
		<result property="leader" column="leader" />
        <result property="pImg" column="pImg" />
        <result property="pTitle" column="pTitle" />
        <result property="memberCount" column="memberCount" />
        <result property="level" column="level" />
        <result property="pContents" column="pContents" />
        <result property="map" column="map" />
        <result property="kakao" column="kakao" />
	</resultMap> 
    
    <!-- 프로젝트 입력 쿼리 -->
    <insert id="insertProject"  parameterType="java.util.Map">
		<![CDATA[
		 insert into projectTBL
		 values(#{projectNO}, #{leader}, #{pImg}, #{pTitle}, #{memberCount}, #{level}, #{pContents}, "default", #{kakao})
		]]>      
	</insert>
	
	<select id="selectNewProjectNO" resultType="int"  >
		<![CDATA[
			SELECT ifnull(max(projectNO), 0) + 1 from projectTBL		
		]]>
	</select>
   
</mapper>